{"cameraMode":{"drawMode":0,"name":"Shaded","section":"Shading Mode"},"sceneLighting":false,"audioPlay":false,"sceneViewState":{"m_AlwaysRefresh":false,"showFog":true,"showSkybox":false,"showFlares":true,"showImageEffects":true,"showParticleSystems":true,"showVisualEffectGraphs":true,"m_FxEnabled":false},"in2DMode":false,"pivot":{"x":967.0143432617188,"y":543.2103271484375,"z":2.3467578887939455},"rotation":{"x":0.21137605607509614,"y":-0.41866299510002139,"z":0.10085760056972504,"w":0.8774259686470032},"size":28.542783737182618,"orthographic":false}