{"cameraMode":{"drawMode":0,"name":"Shaded","section":"Shading Mode"},"sceneLighting":false,"audioPlay":false,"sceneViewState":{"m_AlwaysRefresh":false,"showFog":true,"showSkybox":false,"showFlares":true,"showImageEffects":true,"showParticleSystems":true,"showVisualEffectGraphs":true,"m_FxEnabled":false},"in2DMode":false,"pivot":{"x":170.7967071533203,"y":0.007973700761795044,"z":5.514850616455078},"rotation":{"x":0.005999819841235876,"y":0.0071998643688857559,"z":-0.00004320122388890013,"w":0.9999567270278931},"size":10.155829429626465,"orthographic":false}