{"cameraMode":{"drawMode":0,"name":"Shaded","section":"Shading Mode"},"sceneLighting":true,"audioPlay":false,"sceneViewState":{"m_AlwaysRefresh":false,"showFog":true,"showSkybox":true,"showFlares":true,"showImageEffects":true,"showParticleSystems":true,"showVisualEffectGraphs":true,"m_FxEnabled":false},"in2DMode":false,"pivot":{"x":36.56591033935547,"y":0.21082603931427003,"z":13.879182815551758},"rotation":{"x":0.3410676419734955,"y":0.4309469759464264,"z":-0.18017295002937318,"w":0.8157836198806763},"size":1.475136399269104,"orthographic":false}