{"cameraMode":{"drawMode":0,"name":"Shaded","section":"Shading Mode"},"sceneLighting":true,"audioPlay":false,"sceneViewState":{"m_AlwaysRefresh":false,"showFog":true,"showSkybox":true,"showFlares":true,"showImageEffects":true,"showParticleSystems":true,"showVisualEffectGraphs":true,"m_FxEnabled":false},"in2DMode":false,"pivot":{"x":35.45930099487305,"y":3.1071133613586427,"z":30.984569549560548},"rotation":{"x":-0.040028516203165057,"y":0.9574768543243408,"z":-0.23431050777435304,"w":-0.16357304155826569},"size":2.3571460247039797,"orthographic":false}