{"cameraMode":{"drawMode":0,"name":"Shaded","section":"Shading Mode"},"sceneLighting":true,"audioPlay":false,"sceneViewState":{"m_AlwaysRefresh":false,"showFog":true,"showSkybox":true,"showFlares":true,"showImageEffects":true,"showParticleSystems":true,"showVisualEffectGraphs":true,"m_FxEnabled":false},"in2DMode":false,"pivot":{"x":66.59446716308594,"y":10.314423561096192,"z":6.0077996253967289},"rotation":{"x":-0.032575398683547977,"y":0.961987316608429,"z":-0.2366383969783783,"w":-0.13243107497692109},"size":22.791549682617189,"orthographic":false}