{"cameraMode":{"drawMode":0,"name":"Shaded","section":"Shading Mode"},"sceneLighting":false,"audioPlay":false,"sceneViewState":{"m_AlwaysRefresh":false,"showFog":true,"showSkybox":false,"showFlares":true,"showImageEffects":true,"showParticleSystems":true,"showVisualEffectGraphs":true,"m_FxEnabled":false},"in2DMode":false,"pivot":{"x":-0.10518646240234375,"y":0.007897615432739258,"z":-0.029084205627441407},"rotation":{"x":0.11436694115400315,"y":-0.8856196999549866,"z":0.32127055525779726,"w":0.31526678800582888},"size":53.36101531982422,"orthographic":false}